0,Andrej,Natev,2004-10-29,North Macedonia,Bitola
1,Andrej,Natev,2014-11-29,North Macedonia,Bitola
2,Andrej,Natev,2014-11-29,North Macedonia,Bitola
3,Andrej,Natev,2014-11-29,North Macedonia,Bitola
4,Andrej,Natev,2014-11-29,North Macedonia,Bitola
5,Andrej,Natev,2014-11-29,North Macedonia,Bitola
6,Andrej,Natev,2014-11-29,North Macedonia,Bitola
7,Andrej,Natev,2015-10-29,North Macedonia,Bitola
8,Andrej,Natev,2015-10-29,North Macedonia,Bitola
9,Andrej,Natev,2013-10-30,North Macedonia,Bitola
10,Andrej,Natev,2013-10-30,North Macedonia,Bitola
11,Andrej,Natev,2015-11-30,North Macedonia,Bitola
12,Zhivko,Stoimchev,2003-01-04,Macedonia,Kavadarci
13,Zhivko,Stoimchev,2003-01-04,Macedonia,Kavadarci
